,train_likelihood,test_likelihood
yc-cats.txt,1388625.969010232,330625.0988176748
